<?xml version="1.0" encoding="UTF-8" ?>
<module>
	<name>pesetacoin_ps_payment</name>
	<displayName><![CDATA[Pago con PesetaCoin]]></displayName>
	<version><![CDATA[1.0]]></version>
	<description><![CDATA[Pago con PesetaCoin permite realizar tus pagos en pesetacoin ]]></description>
	<author><![CDATA[marcos.trfn@gmail.com]]></author>
	<tab><![CDATA[payments_gateways]]></tab>
	<confirmUninstall><![CDATA[¿Está seguro que desea eliminar este módulo?]]></confirmUninstall>
	<is_configurable>1</is_configurable>
	<need_instance>1</need_instance>
	<limited_countries></limited_countries>
</module>